{
  "OrangeHrm API" : {
    "transaction" : "OrangeHrm API",
    "sampleCount" : 500,
    "errorCount" : 0,
    "errorPct" : 0.0,
    "meanResTime" : 28741.303999999993,
    "medianResTime" : 29398.5,
    "minResTime" : 5481.0,
    "maxResTime" : 60884.0,
    "pct1ResTime" : 38206.5,
    "pct2ResTime" : 40773.7,
    "pct3ResTime" : 47295.82000000001,
    "throughput" : 8.195646472593758,
    "receivedKBytesPerSec" : 314.45190845872673,
    "sentKBytesPerSec" : 1.0884842971413584
  },
  "Total" : {
    "transaction" : "Total",
    "sampleCount" : 500,
    "errorCount" : 0,
    "errorPct" : 0.0,
    "meanResTime" : 28741.303999999993,
    "medianResTime" : 29398.5,
    "minResTime" : 5481.0,
    "maxResTime" : 60884.0,
    "pct1ResTime" : 38206.5,
    "pct2ResTime" : 40773.7,
    "pct3ResTime" : 47295.82000000001,
    "throughput" : 8.195646472593758,
    "receivedKBytesPerSec" : 314.45190845872673,
    "sentKBytesPerSec" : 1.0884842971413584
  }
}